node_id,lat,lon
1,38.8988289,-77.0737412
2,38.8988393,-77.074134
3,38.898842,-77.0744205
4,38.8988394,-77.0747091
5,38.8988289,-77.0749926
6,38.8988125,-77.0752751
7,38.8987898,-77.0755404
8,38.8987601,-77.0758265
9,38.8987232,-77.0761023
10,38.8986775,-77.0763826
11,38.8986294,-77.0766439
12,38.898568,-77.0769222
13,38.8985011,-77.0771963
14,38.8984332,-77.0774499
15,38.8983571,-77.0777155
16,38.898272,-77.0779788
17,38.8981837,-77.0782315
18,38.8980861,-77.0784843
19,38.8979851,-77.0787384
20,38.8978849,-77.0789773
21,38.8977705,-77.0792282
22,38.8972791,-77.080334
23,38.8971182,-77.0807067
24,38.897015,-77.0809642
25,38.896931,-77.0812316
26,38.896867,-77.0815103
27,38.8968198,-77.0817838
28,38.8967884,-77.0820597
29,38.8967729,-77.0823344
30,38.8967778,-77.0826153
31,38.8967994,-77.0828942
32,38.8968417,-77.083169
33,38.8968976,-77.0834431
34,38.8969787,-77.0837339
35,38.8971062,-77.0840872
36,38.8972185,-77.0843455
37,38.8975708,-77.0850772
38,38.8922234,-77.0661107
39,38.892191,-77.0660485
40,38.8921479,-77.0659657
41,38.8920821,-77.0658274
42,38.8920374,-77.0657314
43,38.8919874,-77.0656097
44,38.8919424,-77.0654858
45,38.8919045,-77.0653717
46,38.8930201,-77.0559066
47,38.8921138,-77.0612703
48,38.883472,-77.0810463
49,38.8835439,-77.0810781
50,38.8836013,-77.0811035
51,38.8837158,-77.0811541
52,38.8837531,-77.0811579
53,38.8837884,-77.0811428
54,38.8838129,-77.0810874
55,38.8838392,-77.080993
56,38.8839295,-77.0806682
57,38.8839697,-77.0806002
58,38.8840187,-77.0805473
59,38.8840873,-77.0805234
60,38.8841617,-77.0805284
61,38.8846636,-77.0806468
62,38.8847199,-77.0806601
63,38.8849624,-77.0807173
64,38.8850918,-77.0807362
65,38.8851563,-77.0807354
66,38.8851996,-77.0807349
67,38.8856847,-77.0806704
68,38.8860198,-77.0805095
69,38.8860727,-77.0804693
70,38.8861256,-77.0804025
71,38.8865804,-77.079768
72,38.886649,-77.0796547
73,38.8867077,-77.0795364
74,38.886744,-77.0794067
75,38.8869263,-77.0784952
76,38.8869616,-77.0783668
77,38.8870076,-77.0782736
78,38.8872624,-77.0778934
79,38.8873094,-77.0777788
80,38.8873437,-77.0776756
81,38.8873624,-77.0775484
82,38.8874055,-77.0768472
83,38.8874253,-77.0766124
84,38.8874449,-77.0762214
85,38.8874521,-77.0760765
86,38.8881396,-77.0741657
87,38.8882003,-77.0741187
88,38.8882153,-77.074105
89,38.8882353,-77.0740877
90,38.8884828,-77.0738953
91,38.888618,-77.0737819
92,38.8889501,-77.0735026
93,38.8889846,-77.0734759
94,38.8890253,-77.0734491
95,38.8890599,-77.0734303
96,38.8890797,-77.0734198
97,38.8890993,-77.0734121
98,38.8891174,-77.073406
99,38.8891343,-77.0734011
100,38.8891506,-77.0733976
101,38.8891676,-77.0733952
102,38.8891938,-77.0733927
103,38.8892193,-77.0733919
104,38.8892475,-77.0733913
105,38.8896273,-77.0734212
106,38.8898064,-77.0734442
107,38.8899486,-77.073461
108,38.8900111,-77.0734694
109,38.8900666,-77.0734758
110,38.8930648,-77.0736389
111,38.8930808,-77.0736242
112,38.8930914,-77.0736152
113,38.8930996,-77.0736088
114,38.8931082,-77.073603
115,38.8931181,-77.0735975
116,38.8931268,-77.073593
117,38.8931348,-77.0735901
118,38.8931423,-77.0735881
119,38.8931519,-77.0735865
120,38.8931654,-77.0735853
121,38.8931795,-77.0735852
122,38.8931952,-77.0735859
123,38.8934092,-77.0736108
124,38.8934405,-77.0736151
125,38.893447,-77.073616
126,38.8934673,-77.0736189
127,38.8934919,-77.0736221
128,38.8935175,-77.0736256
129,38.8935534,-77.0736312
130,38.8936008,-77.0736424
131,38.8937879,-77.0736715
132,38.8938065,-77.0736729
133,38.8938216,-77.073673
134,38.8938331,-77.0736726
135,38.8938431,-77.0736725
136,38.8938542,-77.0736726
137,38.8938641,-77.0736731
138,38.8938755,-77.0736738
139,38.8938866,-77.0736748
140,38.893901,-77.0736759
141,38.893912,-77.0736771
142,38.8939231,-77.0736784
143,38.8939436,-77.0736815
144,38.8939664,-77.0736875
145,38.8940184,-77.0737101
146,38.8994652,-77.0753061
147,38.8998006,-77.0752075
148,38.8998378,-77.0752003
149,38.8998754,-77.0751984
150,38.899907,-77.0752076
151,38.8999364,-77.0752244
152,38.8999607,-77.075248
153,38.8999838,-77.0752824
154,38.8999991,-77.0753266
155,38.90001,-77.0754005
156,38.8910703,-77.0762747
157,38.8911206,-77.076284
158,38.8911448,-77.0762881
159,38.891165,-77.0762908
160,38.891584,-77.0763539
161,38.8918046,-77.0763837
162,38.8918574,-77.0763903
163,38.8919975,-77.0764089
164,38.8920239,-77.0764125
165,38.8921212,-77.0764235
166,38.8921866,-77.0764306
167,38.8922146,-77.0764342
168,38.8926952,-77.0764877
169,38.892783,-77.0764937
170,38.8928756,-77.0765006
171,38.8930118,-77.0765161
172,38.893129,-77.0765304
173,38.8932568,-77.076545
174,38.8933761,-77.0765584
175,38.8934593,-77.0765826
176,38.8935449,-77.0766095
177,38.8937404,-77.0766354
178,38.8938939,-77.0766552
179,38.8939235,-77.076659
180,38.8939566,-77.0766633
181,38.8943103,-77.0767107
182,38.8943948,-77.0767238
183,38.8875868,-77.0763356
184,38.8876664,-77.0763487
185,38.8887514,-77.0764972
186,38.889421,-77.0765815
187,38.8894484,-77.0765851
188,38.8897183,-77.0766203
189,38.8899082,-77.0766452
190,38.8901432,-77.076678
191,38.8984774,-77.0797611
192,38.8985189,-77.079701
193,38.8985955,-77.0795922
194,38.8986491,-77.0794244
195,38.8986926,-77.0793439
196,38.8994862,-77.0782115
197,38.8994896,-77.0783334
198,38.8995259,-77.0791836
199,38.8995389,-77.0794701
200,38.8995469,-77.0799034
201,38.8995489,-77.0800516
202,38.8995235,-77.0801191
203,38.8860669,-77.0752977
204,38.8860233,-77.0753482
205,38.8858198,-77.075584
206,38.8856674,-77.0757605
207,38.8855596,-77.0759065
208,38.8854802,-77.07605
209,38.8854107,-77.0762112
210,38.885347,-77.0764302
211,38.8955959,-77.073944
212,38.8955913,-77.0740442
213,38.895589,-77.074077
214,38.895564,-77.0744167
215,38.8955598,-77.0744737
216,38.8955401,-77.0747416
217,38.8955358,-77.0752005
218,38.8955278,-77.0753592
219,38.8954944,-77.0760083
220,38.8910944,-77.0715044
221,38.8910999,-77.0715947
222,38.8911015,-77.0716267
223,38.8911021,-77.0716432
224,38.8911032,-77.0716512
225,38.8911045,-77.0716585
226,38.8911073,-77.071671
227,38.8911102,-77.0716832
228,38.8911131,-77.071693
229,38.8911162,-77.0717029
230,38.8911218,-77.0717203
231,38.891126,-77.0717323
232,38.8911308,-77.071743
233,38.8911358,-77.0717544
234,38.8911416,-77.0717668
235,38.8911478,-77.0717791
236,38.8911545,-77.0717902
237,38.8911854,-77.0718326
238,38.8911946,-77.0718439
239,38.8912049,-77.0718542
240,38.8912138,-77.0718627
241,38.891222,-77.0718702
242,38.8912324,-77.0718784
243,38.8912407,-77.0718846
244,38.8912495,-77.0718907
245,38.8912601,-77.0718967
246,38.8912702,-77.071902
247,38.891281,-77.0719069
248,38.8913157,-77.0719183
249,38.891348,-77.0719242
250,38.891425,-77.0719305
251,38.8914518,-77.0719353
252,38.8914804,-77.0719435
253,38.8915095,-77.0719573
254,38.8915392,-77.0719762
255,38.8915665,-77.0720027
256,38.8915967,-77.0720339
257,38.8916177,-77.0720572
258,38.8916421,-77.0720888
259,38.891665,-77.0721258
260,38.8916857,-77.0721675
261,38.8916993,-77.0722086
262,38.8917107,-77.0722661
263,38.8917174,-77.0723173
264,38.8917218,-77.0723705
265,38.8917375,-77.0727008
266,38.8917416,-77.0728205
267,38.8917419,-77.0728907
268,38.8917397,-77.0729641
269,38.891736,-77.0730162
270,38.8917271,-77.0730939
271,38.8917162,-77.0731685
272,38.8917036,-77.0732274
273,38.8916909,-77.0732829
274,38.8916503,-77.0734313
275,38.8916126,-77.0735516
276,38.891593,-77.0736081
277,38.8915703,-77.0736713
278,38.8915188,-77.0738039
279,38.8913753,-77.074182
280,38.8912308,-77.0745615
281,38.8911881,-77.074662
282,38.8911688,-77.0747057
283,38.8911527,-77.0747406
284,38.8911279,-77.0747874
285,38.8911002,-77.0748383
286,38.8910406,-77.0749412
287,38.8909972,-77.0750155
288,38.8909237,-77.0751391
289,38.8908923,-77.0751972
290,38.8908629,-77.0752541
291,38.8908357,-77.0753135
292,38.8908015,-77.0753931
293,38.8907701,-77.0754725
294,38.8907341,-77.0755722
295,38.8903361,-77.0766915
296,38.8903095,-77.0767632
297,38.8902805,-77.0768342
298,38.8902708,-77.0768567
299,38.8902606,-77.0768778
300,38.8902485,-77.0769019
301,38.8902374,-77.0769238
302,38.8902213,-77.0769527
303,38.8902048,-77.0769811
304,38.8901903,-77.0770053
305,38.8901715,-77.0770356
306,38.8901521,-77.0770649
307,38.8901416,-77.0770809
308,38.8901302,-77.0770973
309,38.8901215,-77.077109
310,38.8901124,-77.0771206
311,38.890105,-77.0771296
312,38.8900973,-77.0771386
313,38.8900841,-77.0771535
314,38.8900774,-77.077161
315,38.8900704,-77.0771685
316,38.8900564,-77.0771828
317,38.8900397,-77.0771997
318,38.8900172,-77.0772215
319,38.8899967,-77.0772408
320,38.8899736,-77.0772609
321,38.889949,-77.0772815
322,38.8899218,-77.077303
323,38.88987,-77.0773435
324,38.8898178,-77.0773851
325,38.8897137,-77.0774701
326,38.8896991,-77.0774821
327,38.8896811,-77.0774977
328,38.8896502,-77.0775253
329,38.889592,-77.07758
330,38.8895659,-77.0776027
331,38.8895165,-77.0776506
332,38.8860988,-77.0753334
333,38.8861562,-77.0753974
334,38.8861768,-77.0754
335,38.8866845,-77.0754629
336,38.8867246,-77.0754856
337,38.8867511,-77.0755196
338,38.8867599,-77.0755762
339,38.8867404,-77.0758961
340,38.8867367,-77.0759578
341,38.8963524,-77.0729376
342,38.8963826,-77.0730099
343,38.8964031,-77.0730677
344,38.8964159,-77.0731242
345,38.8964275,-77.0731888
346,38.8964349,-77.0732629
347,38.8964364,-77.0733435
348,38.900039,-77.0756646
349,38.9000352,-77.0759359
350,38.9000237,-77.0762082
351,38.9000242,-77.0763269
352,38.9000438,-77.0765099
353,38.9000599,-77.0766348
354,38.9000671,-77.0767633
355,38.900051,-77.0769902
356,38.9000229,-77.0772236
357,38.8999917,-77.0774372
358,38.8999675,-77.0776031
359,38.8999419,-77.0777949
360,38.899935,-77.0779894
361,38.8999468,-77.0782542
362,38.8999493,-77.0783098
363,38.8999677,-77.0786025
364,38.8999694,-77.0786373
365,38.8999961,-77.0794401
366,38.900007,-77.0796994
367,38.8930398,-77.0736652
368,38.8930327,-77.0736733
369,38.8930274,-77.0736796
370,38.8930218,-77.0736872
371,38.893016,-77.0736958
372,38.8930103,-77.0737046
373,38.8930049,-77.0737138
374,38.8929987,-77.0737256
375,38.8929933,-77.0737362
376,38.892983,-77.073759
377,38.8929791,-77.073769
378,38.892976,-77.0737792
379,38.8929735,-77.0737886
380,38.8929717,-77.0737981
381,38.8929701,-77.073808
382,38.8929686,-77.0738206
383,38.8929614,-77.0738916
384,38.892877,-77.0749839
385,38.8928727,-77.075126
386,38.8928532,-77.0753801
387,38.8928468,-77.0754944
388,38.8928406,-77.0755862
389,38.8928362,-77.0756392
390,38.8927963,-77.0763025
391,38.8927915,-77.0763813
392,38.8927894,-77.076413
393,38.8989867,-77.0707354
394,38.8989934,-77.0709054
395,38.8990195,-77.0713704
396,38.885689,-77.0808001
397,38.8858134,-77.0808026
398,38.8861172,-77.0807221
399,38.8861995,-77.0806692
400,38.886273,-77.0805962
401,38.8867082,-77.0798609
402,38.8867642,-77.0797286
403,38.886767,-77.0796658
404,38.8867523,-77.0796104
405,38.8941145,-77.0683783
406,38.8941401,-77.0684014
407,38.8941656,-77.0684258
408,38.8941969,-77.0684576
409,38.8942209,-77.0684827
410,38.8942979,-77.0685648
411,38.8943412,-77.0686204
412,38.8997336,-77.0772012
413,38.8997396,-77.0771148
414,38.8997402,-77.0771029
415,38.8997442,-77.0769859
416,38.8997399,-77.076828
417,38.8997226,-77.0762246
418,38.8999456,-77.0762108
419,38.8999568,-77.0762104
420,38.8924933,-77.0714369
421,38.8925872,-77.0714406
422,38.892672,-77.0714412
423,38.8927636,-77.0714413
424,38.8928405,-77.0714304
425,38.8929189,-77.0714149
426,38.892991,-77.0713977
427,38.8880536,-77.0755712
428,38.8881113,-77.0755505
429,38.8881672,-77.0755309
430,38.8883145,-77.0754695
431,38.888393,-77.0754341
432,38.8884487,-77.0754068
433,38.8884889,-77.0753877
434,38.8885062,-77.0753773
435,38.8885253,-77.0753647
436,38.8885467,-77.075348
437,38.888567,-77.0753289
438,38.8886173,-77.0752737
439,38.8888836,-77.0749925
440,38.8889695,-77.0749139
441,38.8890367,-77.0748539
442,38.889084,-77.0748142
443,38.8891233,-77.0747815
444,38.8891463,-77.0747627
445,38.8891683,-77.0747476
446,38.8891994,-77.0747297
447,38.889232,-77.0747122
448,38.8892603,-77.0747004
449,38.8892934,-77.0746877
450,38.889314,-77.074681
451,38.889477,-77.0746364
452,38.8895835,-77.0746056
453,38.8897736,-77.0745505
454,38.8899127,-77.0745243
455,38.8899484,-77.0745217
456,38.8899896,-77.0745239
457,38.8900342,-77.0745303
458,38.890073,-77.0745385
459,38.890127,-77.0745575
460,38.8901709,-77.0745766
461,38.8902086,-77.0745926
462,38.8904955,-77.074751
463,38.8908383,-77.0749215
464,38.8909332,-77.0749717
465,38.8909524,-77.0749835
466,38.8923428,-77.0715713
467,38.8919336,-77.0715535
468,38.8916319,-77.0715345
469,38.8901461,-77.0724968
470,38.8900967,-77.0724887
471,38.8900787,-77.0724863
472,38.8900505,-77.0724816
473,38.8899548,-77.0724656
474,38.8897915,-77.0724421
475,38.8891018,-77.0723431
476,38.8886875,-77.0722837
477,38.8883939,-77.0722528
478,38.8883497,-77.0722473
479,38.8883313,-77.0722534
480,38.8883128,-77.0722613
481,38.8940474,-77.0727575
482,38.8940961,-77.0728218
483,38.8941534,-77.0728941
484,38.894167,-77.0729097
485,38.8941782,-77.0729206
486,38.8941837,-77.0729257
487,38.8941895,-77.0729309
488,38.8941955,-77.0729357
489,38.8942023,-77.0729411
490,38.8942093,-77.072946
491,38.8942242,-77.0729563
492,38.8942702,-77.0729785
493,38.8943251,-77.0729996
494,38.8946734,-77.0730954
495,38.8947474,-77.0731135
496,38.8968235,-77.0733904
497,38.8970583,-77.0734197
498,38.8971081,-77.0734259
499,38.897227,-77.0734396
500,38.8977201,-77.0734964
501,38.8980889,-77.0735389
502,38.8981014,-77.0735404
503,38.8983453,-77.073569
504,38.8984425,-77.0735815
505,38.8985312,-77.0735911
506,38.8989123,-77.0736326
507,38.8870366,-77.0747659
508,38.8871121,-77.0746362
509,38.8871454,-77.0745468
510,38.8871532,-77.0744574
511,38.8871072,-77.0740294
512,38.887117,-77.0739337
513,38.8871503,-77.0738871
514,38.8872042,-77.0738506
515,38.8872738,-77.0738443
516,38.8875207,-77.073877
517,38.8875677,-77.0739098
518,38.8875942,-77.0739702
519,38.8876089,-77.0740382
520,38.8875655,-77.0745723
521,38.8875181,-77.0751569
522,38.8875032,-77.0753324
523,38.8921956,-77.0751191
524,38.8921679,-77.0754176
525,38.8921773,-77.0758484
526,38.892138,-77.076353
527,38.8921028,-77.0765041
528,38.8920997,-77.0765374
529,38.8920898,-77.0766519
530,38.8920487,-77.077136
531,38.8920458,-77.0771735
532,38.8920373,-77.0772625
533,38.8920282,-77.0773609
534,38.8920128,-77.0775913
535,38.8920088,-77.0776407
536,38.8919726,-77.0780722
537,38.8919574,-77.0782735
538,38.8919494,-77.0783946
539,38.891944,-77.0784807
540,38.8919348,-77.0785737
541,38.8919286,-77.0786463
542,38.8919152,-77.0787974
543,38.8918906,-77.0791015
544,38.8918877,-77.0791376
545,38.8918698,-77.0792811
546,38.8918542,-77.0794084
547,38.8918519,-77.079451
548,38.8918506,-77.0794752
549,38.8918467,-77.0795283
550,38.8918338,-77.0796741
551,38.8918287,-77.0797402
552,38.8918143,-77.0799251
553,38.8917981,-77.0801099
554,38.8917707,-77.0804574
555,38.8917653,-77.080529
556,38.8917428,-77.0808201
557,38.8917372,-77.0808816
558,38.8917292,-77.0809725
559,38.9000295,-77.0785996
560,38.9002757,-77.078586
561,38.9005153,-77.0785728
562,38.8902149,-77.0714746
563,38.8902147,-77.0715526
564,38.8902132,-77.0715905
565,38.8902001,-77.0717608
566,38.8901883,-77.0719315
567,38.8901762,-77.0720873
568,38.890848,-77.0771104
569,38.8908073,-77.0772578
570,38.890803,-77.0772729
571,38.8907952,-77.0772975
572,38.8907878,-77.0773201
573,38.8907813,-77.0773392
574,38.8907731,-77.0773639
575,38.8907652,-77.0773867
576,38.8907583,-77.0774061
577,38.8907504,-77.0774288
578,38.8907422,-77.077451
579,38.8907261,-77.0774937
580,38.8906943,-77.0775736
581,38.8906426,-77.0776959
582,38.8905613,-77.0778751
583,38.890476,-77.0780583
584,38.8904166,-77.0781859
585,38.8903995,-77.0782211
586,38.890393,-77.078235
587,38.8903886,-77.0782455
588,38.8903817,-77.0782622
589,38.8903753,-77.078279
590,38.8903701,-77.0782937
591,38.890359,-77.0783265
592,38.8903205,-77.0784398
593,38.8903099,-77.07847
594,38.8903013,-77.0784951
595,38.8902912,-77.0785228
596,38.8902745,-77.0785669
597,38.8902418,-77.0786511
598,38.890215,-77.0787201
599,38.8901839,-77.0787928
600,38.8901679,-77.0788245
601,38.8901156,-77.0789282
602,38.890487,-77.0748446
603,38.8904649,-77.0749794
604,38.8904557,-77.0750204
605,38.8904479,-77.0750722
606,38.8904401,-77.075173
607,38.8904201,-77.0753662
608,38.893151,-77.0718098
609,38.8930855,-77.0719407
610,38.8930301,-77.0720302
611,38.8929753,-77.0721106
612,38.892667,-77.0725413
613,38.8925974,-77.0726377
614,38.8925458,-77.0727102
615,38.8924955,-77.0727956
616,38.892468,-77.0728466
617,38.8924505,-77.0728812
618,38.892394,-77.0729987
619,38.8923372,-77.0731263
620,38.89216,-77.073559
621,38.8921325,-77.0736258
622,38.8919902,-77.073973
623,38.8919644,-77.0740353
624,38.891938,-77.0740959
625,38.8919067,-77.0741661
626,38.8918723,-77.0742408
627,38.891749,-77.0745069
628,38.8917186,-77.0745789
629,38.8916868,-77.0746563
630,38.8916138,-77.0748344
631,38.8915427,-77.0750152
632,38.8911782,-77.0759556
633,38.8911361,-77.076071
634,38.8911003,-77.0761728
635,38.8910383,-77.0763939
636,38.8910048,-77.0765222
637,38.8909068,-77.0768977
638,38.8908769,-77.0770101
639,38.8861222,-77.0752257
640,38.8862129,-77.0750812
641,38.8863057,-77.0748932
642,38.8863837,-77.074735
643,38.8866314,-77.0742331
644,38.8866753,-77.074144
645,38.8866912,-77.0741118
646,38.8867477,-77.0740021
647,38.8868656,-77.0737732
648,38.8870316,-77.073451
649,38.8858964,-77.0799012
650,38.885986,-77.0795756
651,38.8860679,-77.079316
652,38.8861129,-77.0792216
653,38.8863079,-77.0788313
654,38.8871666,-77.0765255
655,38.8871156,-77.076508
656,38.8864904,-77.076294
657,38.8863611,-77.0762498
658,38.886357,-77.0762481
659,38.8863014,-77.0762275
660,38.8860916,-77.0761402
661,38.8807778,-77.0795631
662,38.880819,-77.0795196
663,38.8809653,-77.0793649
664,38.8810653,-77.0792868
665,38.8811494,-77.0792581
666,38.8811613,-77.0792541
667,38.8812583,-77.0792327
668,38.8814504,-77.0791874
669,38.88162,-77.0791244
670,38.8819267,-77.0789482
671,38.8822345,-77.0787228
672,38.8837952,-77.0774008
673,38.8840269,-77.0772045
674,38.8844522,-77.0768595
675,38.8846943,-77.076706
676,38.8849099,-77.0765926
677,38.8850775,-77.0765221
678,38.8851665,-77.0764917
679,38.8852567,-77.076461
680,38.8853179,-77.0764401
681,38.899697,-77.0768256
682,38.8996851,-77.0768249
683,38.8993115,-77.0767997
684,38.8992636,-77.0767483
685,38.8992368,-77.0766766
686,38.8992462,-77.0762771
687,38.8899689,-77.079873
688,38.8900459,-77.0798801
689,38.8900757,-77.0798831
690,38.8904425,-77.079943
691,38.8906612,-77.07997
692,38.8907966,-77.0799867
693,38.8911365,-77.0800287
694,38.8914808,-77.0800712
695,38.8916813,-77.0800959
696,38.8916885,-77.0800968
697,38.8874231,-77.0787488
698,38.8874291,-77.0787663
699,38.8874374,-77.0787846
700,38.887445,-77.0787967
701,38.887458,-77.0788124
702,38.8874725,-77.0788218
703,38.8874878,-77.0788294
704,38.8875102,-77.0788348
705,38.8880594,-77.0789049
706,38.8882784,-77.0789317
707,38.8883552,-77.0789425
708,38.888364,-77.0789437
709,38.8883921,-77.0789476
710,38.8884466,-77.0789552
711,38.8875583,-77.0766784
712,38.8876174,-77.076702
713,38.8877417,-77.0767516
714,38.8879045,-77.0768166
715,38.8880667,-77.0768813
716,38.8882345,-77.0769483
717,38.8885318,-77.0770669
718,38.888743,-77.0771512
719,38.8889979,-77.077253
720,38.8892478,-77.0773527
721,38.8892838,-77.0773683
722,38.8893098,-77.0773823
723,38.8893383,-77.0773998
724,38.8893569,-77.0774144
725,38.8893797,-77.0774364
726,38.8894032,-77.0774613
727,38.8894162,-77.0774768
728,38.8894366,-77.0775016
729,38.8894585,-77.0775318
730,38.8894775,-77.0775591
731,38.8894909,-77.0775874
732,38.8908989,-77.0771169
733,38.8909266,-77.0771203
734,38.8912122,-77.0771574
735,38.8912379,-77.0771607
736,38.8913954,-77.0771781
737,38.891411,-77.0771802
738,38.8914469,-77.0771855
739,38.8914992,-77.0771933
740,38.8915945,-77.0772071
741,38.8917146,-77.0772224
742,38.8917367,-77.0772243
743,38.8918433,-77.0772399
744,38.8919664,-77.0772556
745,38.892104,-77.0772696
746,38.8924464,-77.077311
747,38.8927835,-77.0773532
748,38.8928701,-77.077365
749,38.8929283,-77.077373
750,38.8931505,-77.0774035
751,38.8931756,-77.0774071
752,38.8932256,-77.0774178
753,38.8932814,-77.0774366
754,38.8995999,-77.0794629
755,38.8999405,-77.0794437
756,38.8904807,-77.0781991
757,38.8905166,-77.0782044
758,38.890846,-77.0782487
759,38.891169,-77.0782902
760,38.8911989,-77.0782945
761,38.8913425,-77.0783148
762,38.8914659,-77.0783308
763,38.8915138,-77.0783375
764,38.8916327,-77.078352
765,38.891862,-77.0783773
766,38.8920129,-77.0784048
767,38.8920462,-77.0784085
768,38.8923886,-77.0784497
769,38.8924033,-77.0784513
770,38.8924819,-77.078461
771,38.892716,-77.078494
772,38.8929455,-77.0785201
773,38.8929718,-77.0785239
774,38.8930621,-77.0785295
775,38.8944062,-77.0782431
776,38.8947189,-77.0782821
777,38.8948534,-77.0782985
778,38.8950394,-77.0783152
779,38.8874767,-77.0778923
780,38.887524,-77.0778979
781,38.8878639,-77.0779379
782,38.8882035,-77.077977
783,38.8883631,-77.0779967
784,38.8885488,-77.0780174
785,38.8886106,-77.0780235
786,38.8886392,-77.0780255
787,38.8886576,-77.0780259
788,38.8886711,-77.0780249
789,38.888682,-77.0780235
790,38.8886942,-77.0780214
791,38.888706,-77.0780192
792,38.8887181,-77.0780159
793,38.8887299,-77.0780128
794,38.8887432,-77.0780073
795,38.8887836,-77.0779875
796,38.8887955,-77.0779797
797,38.8888085,-77.0779706
798,38.8888284,-77.077955
799,38.8888403,-77.0779449
800,38.8888504,-77.077936
801,38.8888606,-77.0779254
802,38.8888679,-77.0779167
803,38.8888766,-77.0779065
804,38.8888849,-77.0778952
805,38.8888922,-77.0778833
806,38.8889015,-77.0778672
807,38.8889099,-77.07785
808,38.8889167,-77.0778354
809,38.8889244,-77.0778177
810,38.8889317,-77.0778002
811,38.8889383,-77.0777826
812,38.8889447,-77.0777648
813,38.8889494,-77.0777486
814,38.8889542,-77.0777308
815,38.8889582,-77.0777135
816,38.8889613,-77.0776967
817,38.888964,-77.0776769
818,38.888971,-77.0776139
819,38.8889845,-77.0773766
820,38.8889878,-77.0773426
821,38.8979678,-77.0791984
822,38.8980415,-77.079276
823,38.8980648,-77.079301
824,38.8981511,-77.0794012
825,38.8986364,-77.0799556
826,38.8986913,-77.0799945
827,38.8989837,-77.0800333
828,38.8973102,-77.0760772
829,38.8973252,-77.0759676
830,38.8973373,-77.0758022
831,38.8973385,-77.0757718
832,38.8973393,-77.0757476
833,38.8973393,-77.0757243
834,38.8973387,-77.0757029
835,38.8973378,-77.075679
836,38.8973367,-77.0756449
837,38.8973367,-77.0756083
838,38.8973388,-77.0755653
839,38.8973418,-77.0755218
840,38.8973462,-77.0754839
841,38.8973529,-77.0754403
842,38.897362,-77.0753896
843,38.8973727,-77.075341
844,38.8973771,-77.0753201
845,38.8973802,-77.075302
846,38.8973841,-77.0752739
847,38.8973888,-77.0752217
848,38.8973934,-77.0751562
849,38.8973978,-77.0749843
850,38.897392,-77.0747671
851,38.897417,-77.0745498
852,38.8974395,-77.0742002
853,38.897445,-77.0741154
854,38.8966384,-77.0715103
855,38.8963428,-77.0715223
856,38.8961755,-77.0715257
857,38.8960392,-77.0715227
858,38.8958421,-77.0715121
859,38.8886128,-77.0754199
860,38.888627,-77.0754454
861,38.8886332,-77.0754564
862,38.8886421,-77.07547
863,38.8886533,-77.0754868
864,38.8886637,-77.0754993
865,38.8886753,-77.0755108
866,38.8886871,-77.0755196
867,38.8887018,-77.0755267
868,38.8887192,-77.0755323
869,38.8887365,-77.0755351
870,38.8888875,-77.0755535
871,38.8892163,-77.0755906
872,38.8893558,-77.0756088
873,38.8898608,-77.0756735
874,38.8962362,-77.0759503
875,38.8962784,-77.0759552
876,38.8963293,-77.0759621
877,38.8963557,-77.0759655
878,38.8964845,-77.0759794
879,38.8966887,-77.076001
880,38.8967477,-77.0760075
881,38.8968736,-77.0760228
882,38.8970869,-77.0760531
883,38.897853,-77.0761323
884,38.8978943,-77.0761352
885,38.8882894,-77.0722802
886,38.8882795,-77.0723041
887,38.888269,-77.0723858
888,38.8881952,-77.0734315
889,38.8881465,-77.0740795
890,38.8968091,-77.068533
891,38.8968366,-77.0685475
892,38.8968553,-77.0685603
893,38.8968726,-77.0685744
894,38.8968913,-77.0685932
895,38.8969087,-77.0686129
896,38.8969252,-77.0686329
897,38.8969444,-77.068658
898,38.8969561,-77.0686756
899,38.896967,-77.068695
900,38.8969773,-77.0687176
901,38.8969867,-77.0687415
902,38.8969946,-77.0687662
903,38.8970024,-77.0687936
904,38.8970072,-77.068816
905,38.897011,-77.0688386
906,38.897014,-77.0688645
907,38.8970161,-77.0688976
908,38.8970182,-77.0689358
909,38.8970234,-77.0690279
910,38.8970365,-77.0693574
911,38.8970388,-77.0695279
912,38.8970482,-77.069729
913,38.8970528,-77.0698104
914,38.8970682,-77.0701389
915,38.8970722,-77.0701994
916,38.8970882,-77.0704423
917,38.8971056,-77.0707048
918,38.8971188,-77.0708628
919,38.897079,-77.0761369
920,38.8970759,-77.0761739
921,38.8970682,-77.076279
922,38.8969965,-77.0771644
923,38.896948,-77.0778152
924,38.8843209,-77.0779246
925,38.8843749,-77.0779517
926,38.8843887,-77.0779586
927,38.8846881,-77.0781087
928,38.8847547,-77.0781389
929,38.8854067,-77.0784296
930,38.8856995,-77.0785601
931,38.8960565,-77.0784422
932,38.8960528,-77.0785627
933,38.8960517,-77.0787546
934,38.89615,-77.0792613
935,38.8961959,-77.0793949
936,38.896235,-77.0795002
937,38.8963218,-77.0796718
938,38.8964197,-77.0798308
939,38.8964518,-77.0798704
940,38.8965053,-77.0799354
941,38.8966013,-77.08004
942,38.8967271,-77.0801405
943,38.8939413,-77.0684316
944,38.8940204,-77.068303
945,38.885323,-77.0610786
946,38.8848797,-77.0622877
947,38.8862756,-77.0796481
948,38.8854881,-77.0793588
949,38.8854488,-77.0793417
950,38.8851294,-77.0792027
951,38.885008,-77.0791498
952,38.8848452,-77.0790789
953,38.884575,-77.0789613
954,38.8841394,-77.0787717
955,38.884091,-77.0787506
956,38.8946935,-77.0694017
957,38.8947164,-77.0693817
958,38.894774,-77.0693578
959,38.8948181,-77.0693488
960,38.8948645,-77.0693437
961,38.8948869,-77.0693441
962,38.8949296,-77.0693448
963,38.8960556,-77.0694487
964,38.8961295,-77.0694567
965,38.8964524,-77.0694845
966,38.8965479,-77.0694933
967,38.8966738,-77.0695051
968,38.8969371,-77.0695232
969,38.8969848,-77.0695269
970,38.8924413,-77.0675967
971,38.8925602,-77.0675831
972,38.8926286,-77.0675784
973,38.8927185,-77.0675853
974,38.8928211,-77.0675951
975,38.892931,-77.0676204
976,38.8930415,-77.0676602
977,38.8931457,-77.0677103
978,38.8932854,-77.067791
979,38.89336,-77.067838
980,38.893786,-77.068139
981,38.8919293,-77.0623834
982,38.8918095,-77.0630443
983,38.8917935,-77.0631869
984,38.891784,-77.0633024
985,38.8917759,-77.0634232
986,38.8917694,-77.0635443
987,38.8917662,-77.0636757
988,38.8917658,-77.0637878
989,38.8917689,-77.0639043
990,38.8917761,-77.0640439
991,38.8917864,-77.0641651
992,38.8918041,-77.0643082
993,38.891825,-77.0644476
994,38.8918488,-77.0645928
995,38.8918747,-77.0647313
996,38.8919069,-77.0648779
997,38.8919358,-77.0649991
998,38.8919743,-77.065139
999,38.8920118,-77.0652682
1000,38.8920494,-77.0653957
1001,38.8920904,-77.0655171
1002,38.8921375,-77.0656403
1003,38.8921855,-77.0657504
1004,38.8922409,-77.0658661
1005,38.8923019,-77.0659894
1006,38.8951608,-77.0707641
1007,38.8951707,-77.0708937
1008,38.8897803,-77.0638895
1009,38.8898448,-77.0640037
1010,38.8899129,-77.0641096
1011,38.8899842,-77.0642176
1012,38.8900756,-77.0643334
1013,38.8901683,-77.0644347
1014,38.8902664,-77.0645359
1015,38.8903498,-77.0646165
1016,38.8904616,-77.0647063
1017,38.8905791,-77.0647887
1018,38.890689,-77.0648575
1019,38.890798,-77.064915
1020,38.8909162,-77.064969
1021,38.8910355,-77.0650141
1022,38.8911579,-77.0650538
1023,38.8913027,-77.0650993
1024,38.8914349,-77.0651377
1025,38.8922859,-77.0653705
1026,38.8925081,-77.0654397
1027,38.8927217,-77.0655104
1028,38.8929194,-77.0655819
1029,38.893134,-77.0656694
1030,38.8933466,-77.0657581
1031,38.893551,-77.0658447
1032,38.8937644,-77.0659414
1033,38.893967,-77.0660387
1034,38.8941692,-77.0661389
1035,38.8943701,-77.0662421
1036,38.8945607,-77.0663403
1037,38.8947722,-77.0664525
1038,38.8949791,-77.066564
1039,38.8953707,-77.0667731
1040,38.8965791,-77.0674264
1041,38.8987114,-77.079452
1042,38.8986822,-77.0796208
1043,38.8986642,-77.0798746
1044,38.8901734,-77.0789868
1045,38.890193,-77.0790032
1046,38.8902263,-77.0790233
1047,38.8902555,-77.0790351
1048,38.8902829,-77.0790462
1049,38.8903105,-77.0790513
1050,38.8903362,-77.0790548
1051,38.8904034,-77.0790652
1052,38.890602,-77.0790907
1053,38.8907426,-77.0791084
1054,38.8911403,-77.07916
1055,38.8912608,-77.0791746
1056,38.8913241,-77.0791818
1057,38.8916027,-77.0792107
1058,38.8917927,-77.079255
1059,38.8919448,-77.0793118
1060,38.8920773,-77.0793867
1061,38.8922172,-77.0794927
1062,38.8922554,-77.0795192
1063,38.8924159,-77.0796303
1064,38.8978829,-77.0860286
1065,38.8977131,-77.085656
1066,38.897266,-77.0847507
1067,38.8971558,-77.0845191
1068,38.8970482,-77.0842843
1069,38.8969601,-77.0840767
1070,38.8968737,-77.0838236
1071,38.8967954,-77.0835605
1072,38.8967396,-77.0833046
1073,38.8966952,-77.0830493
1074,38.8966665,-77.0827862
1075,38.8966515,-77.0825192
1076,38.8966532,-77.0822539
1077,38.8966675,-77.0819947
1078,38.8966989,-77.081733
1079,38.8967428,-77.0814919
1080,38.8967985,-77.0812438
1081,38.8968729,-77.0809927
1082,38.8969582,-77.0807446
1083,38.8970599,-77.0804929
1084,38.8976037,-77.0792735
1085,38.8977166,-77.0790289
1086,38.8978188,-77.0788003
1087,38.8979183,-77.0785597
1088,38.8980124,-77.0783186
1089,38.8981112,-77.0780471
1090,38.8981911,-77.0778068
1091,38.8982685,-77.077553
1092,38.8983447,-77.0772803
1093,38.8984195,-77.0769974
1094,38.8984817,-77.0767226
1095,38.8985359,-77.0764427
1096,38.8985792,-77.0761704
1097,38.8986243,-77.0758552
1098,38.8986552,-77.0755819
1099,38.898678,-77.0753129
1100,38.8986961,-77.0750096
1101,38.8987104,-77.0747044
1102,38.8987089,-77.0743553
1103,38.8987037,-77.0740076
1104,38.8986939,-77.0737356
1105,38.8948765,-77.0731374
1106,38.8948702,-77.0732177
1107,38.8948367,-77.0735264
1108,38.8985984,-77.0705814
1109,38.8986483,-77.0710074
1110,38.8986903,-77.0714695
1111,38.8987709,-77.0729635
1112,38.8986459,-77.0729813
1113,38.8986243,-77.0726126
1114,38.8986168,-77.0724822
1115,38.8985901,-77.072027
1116,38.8985898,-77.0720225
1117,38.8985588,-77.0714937
1118,38.8985159,-77.0710275
1119,38.8984643,-77.0705912
1120,38.8984074,-77.0702944
1121,38.8983393,-77.070077
1122,38.8982467,-77.0698433
1123,38.8981449,-77.0696163
1124,38.8980264,-77.0693936
1125,38.8978979,-77.0691952
1126,38.8977444,-77.0689912
1127,38.8975858,-77.068808
1128,38.8974254,-77.0686462
1129,38.8972397,-77.0684937
1130,38.897041,-77.0683584
1131,38.8968565,-77.0682584
1132,38.8966312,-77.0681795
1133,38.896986,-77.0697293
1134,38.8969373,-77.069727
1135,38.8968497,-77.0697184
1136,38.8966621,-77.0697004
1137,38.8965303,-77.0696877
1138,38.8962233,-77.0696567
1139,38.8971304,-77.0715007
1140,38.8970012,-77.0715072
1141,38.8968819,-77.071506
1142,38.8983179,-77.0720638
1143,38.8982873,-77.0715449
1144,38.8982726,-77.0712543
1145,38.8982595,-77.070954
1146,38.8982392,-77.0707907
1147,38.8895847,-77.0778229
1148,38.8897919,-77.0783324
1149,38.8898639,-77.0785061
1150,38.8885224,-77.0796906
1151,38.8879963,-77.0802949
1152,38.887945,-77.0803539
1153,38.8878902,-77.0804204
1154,38.8878174,-77.0805182
1155,38.8877454,-77.080629
1156,38.887686,-77.080724
1157,38.8876231,-77.0808408
1158,38.8875601,-77.0809626
1159,38.8875046,-77.0810848
1160,38.8874402,-77.0812428
1161,38.8873783,-77.0814075
1162,38.8898762,-77.0798661
1163,38.8898578,-77.0798646
1164,38.8897184,-77.0798502
1165,38.8886258,-77.079706
1166,38.8940523,-77.0722886
1167,38.8940506,-77.0723315
1168,38.8940486,-77.0723737
1169,38.8940469,-77.0724088
1170,38.8940375,-77.0725568
1171,38.8940363,-77.0725873
1172,38.8940361,-77.0726119
1173,38.8940368,-77.0726333
1174,38.8940385,-77.0726564
1175,38.894041,-77.0726871
1176,38.8940439,-77.0727199
1177,38.8940634,-77.0729352
1178,38.8940705,-77.0730114
1179,38.8940749,-77.0730521
1180,38.8940776,-77.0730852
1181,38.8940788,-77.0731152
1182,38.8940783,-77.0731433
1183,38.894077,-77.0731723
1184,38.8940742,-77.0732152
1185,38.8940714,-77.0732539
1186,38.8940593,-77.0733861
1187,38.8940369,-77.0735895
1188,38.8940319,-77.0736285
1189,38.891663,-77.0698536
1190,38.8917146,-77.0699819
1191,38.8917662,-77.0701146
1192,38.8918143,-77.0702417
1193,38.8918625,-77.0703843
1194,38.8919017,-77.0705059
1195,38.891941,-77.070638
1196,38.8919765,-77.0707692
1197,38.8920115,-77.0709082
1198,38.8920409,-77.0710433
1199,38.8920656,-77.0711848
1200,38.8920875,-77.0713212
1201,38.8921094,-77.0714689
1202,38.8921205,-77.0716038
1203,38.8921301,-77.0717481
1204,38.8921365,-77.0718852
1205,38.8921408,-77.0720326
1206,38.8921392,-77.0721738
1207,38.892133,-77.0723209
1208,38.8921235,-77.0724666
1209,38.8921111,-77.0726136
1210,38.8920949,-77.0727507
1211,38.8920737,-77.0728986
1212,38.8920492,-77.0730362
1213,38.8920242,-77.0731645
1214,38.8919908,-77.0733076
1215,38.8919554,-77.0734422
1216,38.8919283,-77.0735407
1217,38.8918902,-77.0736582
1218,38.8918584,-77.0737521
1219,38.8918222,-77.0738523
1220,38.8880173,-77.0670397
1221,38.8879604,-77.0677119
1222,38.8879524,-77.0678325
1223,38.88788,-77.0688422
1224,38.887801,-77.0698501
1225,38.8877673,-77.0702559
1226,38.8877346,-77.0707268
1227,38.887649,-77.0717666
1228,38.8946266,-77.0694213
1229,38.8946051,-77.0693762
1230,38.8944981,-77.0691603
1231,38.8944313,-77.0690352
1232,38.8943544,-77.0688927
1233,38.8943364,-77.0688647
1234,38.8943204,-77.068841
1235,38.8943048,-77.0688184
1236,38.8942886,-77.0687965
1237,38.8942426,-77.0687394
1238,38.8967547,-77.0759133
1239,38.8967559,-77.0758873
1240,38.8968067,-77.0752057
1241,38.8968335,-77.0748162
1242,38.8968397,-77.074711
1243,38.8968399,-77.0746883
1244,38.8968394,-77.0746695
1245,38.8968385,-77.0746488
1246,38.896838,-77.0746315
1247,38.8968379,-77.0746084
1248,38.8968384,-77.0745902
1249,38.8968395,-77.074569
1250,38.8968408,-77.0745545
1251,38.8968422,-77.0745433
1252,38.8968435,-77.074532
1253,38.8968455,-77.074517
1254,38.8968572,-77.0744557
1255,38.8968776,-77.0743935
1256,38.8969019,-77.0743388
1257,38.89694,-77.0742833
1258,38.896981,-77.0742296
1259,38.8970177,-77.0741925
1260,38.8970546,-77.0741672
1261,38.8970964,-77.0741433
1262,38.8971335,-77.0741269
1263,38.8971743,-77.0741156
1264,38.8972072,-77.0741081
1265,38.897232,-77.0741043
1266,38.8972558,-77.0741027
1267,38.8972846,-77.0741016
1268,38.8973385,-77.0741029
1269,38.8913459,-77.0680459
1270,38.8901006,-77.0679391
1271,38.8899876,-77.0679257
1272,38.8898965,-77.0679106
1273,38.889827,-77.0678984
1274,38.8898081,-77.0678951
1275,38.8897022,-77.067861
1276,38.8896011,-77.0678207
1277,38.8894967,-77.0677689
1278,38.8893833,-77.0677058
1279,38.8892683,-77.0676305
1280,38.8891669,-77.0675508
1281,38.8890746,-77.0674672
1282,38.8889753,-77.0673621
1283,38.888879,-77.0672534
1284,38.8887859,-77.06713
1285,38.8885935,-77.0668612
1286,38.888523,-77.066765
1287,38.8884279,-77.06665
1288,38.8936947,-77.0682462
1289,38.8936467,-77.0682235
1290,38.8935977,-77.0681995
1291,38.8935207,-77.0681698
1292,38.8934578,-77.0681446
1293,38.8933854,-77.0681151
1294,38.8933098,-77.0680858
1295,38.8932322,-77.068066
1296,38.8931408,-77.0680506
1297,38.8930605,-77.0680446
1298,38.892962,-77.0680426
1299,38.8918455,-77.0680774
1300,38.891689,-77.068081
1301,38.891546,-77.0680693
1302,38.8990563,-77.0719542
1303,38.8990649,-77.0721158
1304,38.8990815,-77.072468
1305,38.8990919,-77.0727781
1306,38.8990976,-77.0732145
1307,38.8990768,-77.0707299
1308,38.8991566,-77.0707247
1309,38.8989006,-77.0721291
1310,38.8988022,-77.072241
1311,38.8987196,-77.0723208
1312,38.8986747,-77.0723558
1313,38.8985837,-77.0724123
1314,38.8985136,-77.0724488
1315,38.8984411,-77.0724767
1316,38.8983478,-77.0725049
1317,38.898273,-77.0725221
1318,38.8981563,-77.072549
1319,38.8980704,-77.0725665
1320,38.8979758,-77.0725715
1321,38.8978805,-77.0725649
1322,38.897789,-77.0725546
1323,38.897426,-77.0725053
1324,38.9005684,-77.0707111
1325,38.9003359,-77.0708842
1326,38.900262,-77.0709434
1327,38.9001865,-77.0710135
1328,38.9001267,-77.0710874
1329,38.9000486,-77.0711971
1330,38.8999866,-77.0712788
1331,38.8933585,-77.067387
1332,38.8931832,-77.0672597
1333,38.892992,-77.0670973
1334,38.8935268,-77.0673407
1335,38.893745,-77.0674585
1336,38.8939573,-77.0675503
1337,38.8941589,-77.0676222
1338,38.894374,-77.0676753
1339,38.8945924,-77.067714
1340,38.8948023,-77.0677402
1341,38.8953269,-77.0677904
1342,38.8956517,-77.0678021
1343,38.8930822,-77.067008
1344,38.89325,-77.0671478
1345,38.8933958,-77.0672552
1346,38.8921314,-77.0645884
1347,38.8921347,-77.064715
1348,38.8921322,-77.0648219
1349,38.8921231,-77.0649253
1350,38.8921071,-77.0650489
1351,38.8920879,-77.0651536
1352,38.8920635,-77.0652512
1353,38.8920373,-77.0653411
1354,38.8919955,-77.0654421
1355,38.8919537,-77.0655209
1356,38.8919094,-77.0656169
1357,38.8918618,-77.0656987
1358,38.8918031,-77.0657839
1359,38.8917434,-77.0658591
1360,38.8914275,-77.0662068
1361,38.8912545,-77.0663899
1362,38.8911964,-77.0664576
1363,38.8911135,-77.066572
1364,38.8910469,-77.0666763
1365,38.8909966,-77.0667713
1366,38.8909522,-77.0668746
1367,38.8909102,-77.0669815
1368,38.8908732,-77.0671005
1369,38.8908368,-77.0672481
1370,38.892822,-77.0669318
1371,38.8927371,-77.0668404
1372,38.8926533,-77.0667433
1373,38.8925756,-77.0666456
1374,38.8925014,-77.0665483
1375,38.8924281,-77.0664455
1376,38.892353,-77.0663341
1377,38.8922815,-77.0662173
1378,38.890986,-77.065608
1379,38.8910618,-77.0654292
1380,38.8911235,-77.0652757
1381,38.8911726,-77.0651431
1382,38.8912268,-77.0649822
1383,38.8912742,-77.0648304
1384,38.8913081,-77.0647024
1385,38.89134,-77.06458
1386,38.8913719,-77.0644523
1387,38.8920784,-77.0607073
1388,38.8928821,-77.0559367
1389,38.8928959,-77.0558452
1390,38.8918747,-77.0630379
1391,38.8918751,-77.0631591
1392,38.8918801,-77.063269
1393,38.8918871,-77.0633496
1394,38.8918979,-77.0634502
1395,38.8919101,-77.0635427
1396,38.8919248,-77.063633
1397,38.8919404,-77.0637131
1398,38.891964,-77.063812
1399,38.8919881,-77.0639029
1400,38.892017,-77.0639972
1401,38.8908439,-77.0681704
1402,38.8908626,-77.0682497
1403,38.8908882,-77.0683405
1404,38.8909646,-77.0685903
1405,38.8905489,-77.068319
1406,38.890445,-77.0681329
1407,38.8880818,-77.0663027
1408,38.8879932,-77.0662335
1409,38.8878957,-77.0661711
1410,38.8861385,-77.0650904
1411,38.8854963,-77.0647015
1412,38.8851552,-77.064495
1413,38.8850693,-77.0644404
1414,38.8845279,-77.0640967
1415,38.8989938,-77.0754236
1416,38.8989643,-77.0757252
1417,38.8989174,-77.0761313
1418,38.8988744,-77.0764013
1419,38.8988175,-77.0766656
1420,38.8987565,-77.0769406
1421,38.8986911,-77.0772091
1422,38.8986211,-77.0774619
1423,38.8985438,-77.0777208
1424,38.8984578,-77.077981
1425,38.8983743,-77.0782325
1426,38.8982817,-77.0784825
1427,38.8981804,-77.0787318
1428,38.8990945,-77.0736253
1429,38.89909,-77.0738329
1430,38.8990844,-77.0740499
1431,38.8990733,-77.0743353
1432,38.8990576,-77.0746136
1433,38.899041,-77.0748729
1434,38.8990164,-77.0751853
1435,38.8983357,-77.0723333
1436,38.8982748,-77.0721909
1437,38.8981719,-77.0719091
1438,38.8981277,-77.0717634
1439,38.8981119,-77.0714376
1440,38.8982103,-77.0712943
1441,38.8971058,-77.0719077
1442,38.8971164,-77.0718392
1443,38.8971226,-77.0717619
1444,38.8971226,-77.0716873
1445,38.8971243,-77.0716304
1446,38.8914104,-77.0715158
1447,38.8916234,-77.0713983
1448,38.8920675,-77.071416
1449,38.8951317,-77.0721944
1450,38.8947512,-77.0721481
1451,38.894161,-77.0720652
1452,38.8939638,-77.0720349
1453,38.8938671,-77.0746621
1454,38.8938579,-77.0745817
1455,38.8938545,-77.0745443
1456,38.8938521,-77.0745056
1457,38.8938545,-77.0744672
1458,38.8938658,-77.0744121
1459,38.8938807,-77.0743414
1460,38.8939239,-77.0741221
1461,38.8939483,-77.0740273
1462,38.8939753,-77.0739171
1463,38.8939886,-77.073848
1464,38.8939941,-77.0738198
1465,38.8904075,-77.0680532
1466,38.8903791,-77.0679889
1467,38.8903502,-77.0679142
1468,38.8903238,-77.0678324
1469,38.890294,-77.0677249
1470,38.8902703,-77.0675948
1471,38.8902587,-77.0674966
1472,38.8902523,-77.0673849
1473,38.890256,-77.0672735
1474,38.8902624,-77.0671801
1475,38.8902765,-77.0670696
1476,38.8903004,-77.0669558
1477,38.8903283,-77.0668511
1478,38.890363,-77.0667487
1479,38.8904223,-77.0666183
1480,38.8904894,-77.0664923
1481,38.8905538,-77.066386
1482,38.890717,-77.0661235
1483,38.8907857,-77.0660071
1484,38.890853,-77.0658893
1485,38.8909158,-77.0657605
1486,38.8946465,-77.0735514
1487,38.8946593,-77.0735194
1488,38.8946722,-77.0734843
1489,38.8946843,-77.0734474
1490,38.8946943,-77.073413
1491,38.8947005,-77.0733886
1492,38.8947058,-77.0733646
1493,38.8947144,-77.0733205
1494,38.8947214,-77.0732765
1495,38.8947339,-77.0731981
1496,38.8876483,-77.0719649
1497,38.8860961,-77.0801282
1498,38.8861414,-77.0799211
1499,38.8861856,-77.0797907
1500,38.8863403,-77.0795489
1501,38.8863842,-77.0794389
1502,38.8864656,-77.0792565
1503,38.8873711,-77.0760631
1504,38.8880996,-77.0661084
1505,38.8882853,-77.0662864
1506,38.8883852,-77.0663945
1507,38.888475,-77.0665006
1508,38.88856,-77.0666094
1509,38.888935,-77.06712
1510,38.8890296,-77.067239
1511,38.8891392,-77.067351
1512,38.8892629,-77.0674635
1513,38.8893718,-77.0675444
1514,38.8894976,-77.0676196
1515,38.8895987,-77.0676692
1516,38.889748,-77.0677228
1517,38.8898907,-77.0677647
1518,38.8900516,-77.0677927
1519,38.8908748,-77.0678628
1520,38.8910908,-77.067877
1521,38.8913181,-77.0678701
1522,38.8915433,-77.0678435
1523,38.8917827,-77.0677951
1524,38.891997,-77.067738
1525,38.8862963,-77.058801
1526,38.886514,-77.0589295
1527,38.8866616,-77.0590166
1528,38.8868121,-77.0591125
1529,38.8869492,-77.059209
1530,38.8870518,-77.0592816
1531,38.8871604,-77.0593646
1532,38.8872665,-77.0594487
1533,38.8873819,-77.0595451
1534,38.8875024,-77.0596505
1535,38.8876145,-77.0597558
1536,38.8877211,-77.0598606
1537,38.8878297,-77.0599729
1538,38.8879454,-77.0600965
1539,38.8880482,-77.0602108
1540,38.8881404,-77.060324
1541,38.8882364,-77.0604499
1542,38.8883386,-77.0605867
1543,38.8884358,-77.0607232
1544,38.8885168,-77.0608401
1545,38.8885963,-77.06096
1546,38.8886819,-77.0611008
1547,38.8887687,-77.0612542
1548,38.8888464,-77.0613975
1549,38.8889081,-77.0615184
1550,38.8889703,-77.0616467
1551,38.8890319,-77.0617903
1552,38.8890949,-77.0619615
1553,38.8891511,-77.0621142
1554,38.8892079,-77.0622894
1555,38.8894419,-77.0630369
1556,38.8894934,-77.0631917
1557,38.8895368,-77.0633195
1558,38.8895877,-77.0634614
1559,38.8896419,-77.0635969
1560,38.8897116,-77.0637528
1561,38.8966427,-77.0809026
1562,38.8967036,-77.0807711
1563,38.8967589,-77.0806597
1564,38.8968268,-77.080524
1565,38.8975317,-77.0790999
1566,38.897614,-77.0789332
1567,38.8976884,-77.078765
1568,38.897767,-77.0785894
1569,38.8978469,-77.0783886
1570,38.8979132,-77.0782092
1571,38.8979843,-77.0780126
1572,38.8980407,-77.0778385
1573,38.8981055,-77.0776189
1574,38.8981562,-77.0774386
1575,38.8982053,-77.0772477
1576,38.8982506,-77.0770556
1577,38.8982929,-77.0768648
1578,38.8983369,-77.0766497
1579,38.8983713,-77.0764477
1580,38.8984017,-77.0762506
1581,38.8984296,-77.0760375
1582,38.8984508,-77.0758435
1583,38.8984697,-77.0756298
1584,38.8984828,-77.0754248
1585,38.898493,-77.0752113
1586,38.8985006,-77.0750072
1587,38.8985022,-77.0747969
1588,38.8985004,-77.0746055
1589,38.8984942,-77.0743963
1590,38.8984853,-77.0741902
1591,38.8984683,-77.0739396
1592,38.8984508,-77.0737032
1593,38.8977919,-77.0714589
1594,38.8972564,-77.071494
1595,38.8992725,-77.0707195
1596,38.899448,-77.0707195
1597,38.8995615,-77.0707043
1598,38.8996703,-77.0707159
1599,38.8997757,-77.0707331
1600,38.8998841,-77.0707552
1601,38.8999957,-77.0707788
1602,38.9001182,-77.0707882
1603,38.9001703,-77.0707891
1604,38.9002495,-77.0707822
1605,38.900334,-77.070752
1606,38.8944185,-77.0678387
1607,38.8939701,-77.0676997
1608,38.8937679,-77.0676153
1609,38.8935704,-77.0675149
1610,38.8959881,-77.0678424
1611,38.8962341,-77.0678835
1612,38.8964682,-77.067935
1613,38.8967246,-77.0680216
1614,38.8967311,-77.0680242
1615,38.8924981,-77.0663245
1616,38.8925563,-77.0664139
1617,38.8926141,-77.066497
1618,38.8926802,-77.0665878
1619,38.8927472,-77.0666664
1620,38.8928297,-77.0667583
1621,38.8929071,-77.0668362
1622,38.8965179,-77.0681378
1623,38.8963066,-77.0680831
1624,38.8960729,-77.0680381
1625,38.8958305,-77.0680035
1626,38.8948498,-77.0679105
1627,38.8946313,-77.067881
1628,38.8945272,-77.0678618
1629,38.8970241,-77.0681937
1630,38.8972188,-77.06831
1631,38.8974012,-77.0684482
1632,38.8975754,-77.0686022
1633,38.89774,-77.0687744
1634,38.8978932,-77.0689614
1635,38.8980296,-77.0691531
1636,38.8981371,-77.069329
1637,38.8982318,-77.0694939
1638,38.8983446,-77.0697334
1639,38.8984443,-77.0699802
1640,38.8985251,-77.0702293
1641,38.891859,-77.0652281
1642,38.8918238,-77.0651072
1643,38.8917897,-77.0649734
1644,38.8917588,-77.0648364
1645,38.8917363,-77.064717
1646,38.8917159,-77.0645906
1647,38.8916967,-77.064465
1648,38.8916818,-77.0643381
1649,38.8916689,-77.0642029
1650,38.8916593,-77.0640568
1651,38.8916539,-77.0639348
1652,38.8916526,-77.0637894
1653,38.8920762,-77.0642378
1654,38.8921033,-77.0643654
1655,38.8921227,-77.0644853
1656,38.8930515,-77.0717622
1657,38.8929862,-77.0717258
1658,38.8967386,-77.0724024
1659,38.8928912,-77.0716721
1660,38.8928596,-77.0716565
1661,38.8928267,-77.0716434
1662,38.8927942,-77.0716337
1663,38.8927626,-77.0716252
1664,38.8927136,-77.0716132
1665,38.8926496,-77.0715983
1666,38.8926332,-77.0715945
1667,38.8925907,-77.0715872
1668,38.8925477,-77.0715807
1669,38.892487,-77.0715762
1670,38.8930499,-77.0713824
1671,38.8931086,-77.0713611
1672,38.8931669,-77.07134
1673,38.893213,-77.0713193
1674,38.8933145,-77.0712532
1675,38.8957107,-77.0708018
1676,38.895994,-77.0708158
1677,38.8964427,-77.0708369
1678,38.896472,-77.0708383
1679,38.8968448,-77.0708559
1680,38.8898915,-77.0785674
1681,38.8899241,-77.0786347
1682,38.889958,-77.0786963
1683,38.8899946,-77.0787605
1684,38.8900279,-77.078812
1685,38.890047,-77.0788378
1686,38.8900814,-77.0788854
1687,38.8918778,-77.073094
1688,38.8919045,-77.0729573
1689,38.8919273,-77.0728212
1690,38.8919458,-77.0726927
1691,38.8919621,-77.0725475
1692,38.8919745,-77.0723994
1693,38.8919807,-77.0722596
1694,38.8919845,-77.0721111
1695,38.8919852,-77.0719648
1696,38.8919786,-77.0718219
1697,38.8919702,-77.0716812
1698,38.8919554,-77.0715027
1699,38.8919196,-77.0712579
1700,38.8918938,-77.0711147
1701,38.8918625,-77.0709691
1702,38.8918281,-77.0708267
1703,38.8917894,-77.0706876
1704,38.8917499,-77.0705606
1705,38.8917099,-77.0704338
1706,38.8916609,-77.0702952
1707,38.8916143,-77.0701744
1708,38.8915684,-77.0700539
1709,38.8915139,-77.0699244
1710,38.8914567,-77.0698006
1711,38.8913994,-77.0696796
1712,38.8913406,-77.069565
1713,38.8912787,-77.069451
1714,38.8912032,-77.069325
1715,38.8911519,-77.0756251
1716,38.8896718,-77.0778585
1717,38.8898158,-77.0777022
1718,38.8899598,-77.0775459
1719,38.890096,-77.0773911
1720,38.8902081,-77.0772467
1721,38.8903166,-77.0770919
1722,38.8904184,-77.0769334
1723,38.8905158,-77.07676
1724,38.8905965,-77.0765982
1725,38.8906914,-77.0763855
1726,38.8907631,-77.0762011
1727,38.8916814,-77.0737674
1728,38.8917271,-77.0736389
1729,38.8917732,-77.0735026
1730,38.8918095,-77.0733749
1731,38.8918457,-77.0732384
1732,38.892914,-77.0755038
1733,38.8929465,-77.075509
1734,38.8933837,-77.0755689
1735,38.8935412,-77.07559
1736,38.8935671,-77.0755938
1737,38.8936156,-77.0756097
1738,38.8936636,-77.075626
1739,38.8845696,-77.0639331
1740,38.8847606,-77.064047
1741,38.8851823,-77.0643018
1742,38.886245,-77.0649643
1743,38.8863622,-77.0650313
1744,38.8875899,-77.0657335
1745,38.8877088,-77.0658127
1746,38.8878276,-77.0658919
1747,38.8915363,-77.0635357
1748,38.8917814,-77.0621096
1749,38.8900599,-77.0790339
1750,38.8900441,-77.0790593
1751,38.8900179,-77.0791062
1752,38.8900144,-77.0791129
1753,38.890011,-77.0791197
1754,38.8900084,-77.0791257
1755,38.8900062,-77.0791312
1756,38.8900038,-77.0791371
1757,38.8900018,-77.0791429
1758,38.8899991,-77.0791505
1759,38.8899962,-77.0791596
1760,38.889993,-77.07917
1761,38.8899894,-77.0791819
1762,38.8899865,-77.0791923
1763,38.8899838,-77.0792026
1764,38.8899812,-77.0792124
1765,38.8899778,-77.0792257
1766,38.8899745,-77.0792398
1767,38.8899714,-77.0792533
1768,38.8899685,-77.0792666
1769,38.8899659,-77.0792794
1770,38.8899632,-77.0792936
1771,38.889961,-77.0793059
1772,38.8899588,-77.0793194
1773,38.8899549,-77.0793471
1774,38.8899528,-77.0793644
1775,38.889951,-77.0793811
1776,38.8899491,-77.0794018
1777,38.8899476,-77.0794226
1778,38.8899465,-77.0794453
1779,38.889946,-77.0794646
1780,38.8899458,-77.0794843
1781,38.8899459,-77.0795073
1782,38.8899462,-77.0795263
1783,38.8899467,-77.0795447
1784,38.8899476,-77.0795639
1785,38.8899485,-77.0795844
1786,38.8899509,-77.0796217
1787,38.8899534,-77.0796617
1788,38.8899597,-77.0797679
1789,38.8899785,-77.0799585
1790,38.889991,-77.080037
1791,38.8900093,-77.0801183
1792,38.8900287,-77.0801896
1793,38.8900512,-77.0802539
1794,38.8900783,-77.0803202
1795,38.8901081,-77.0803826
1796,38.890146,-77.0804553
1797,38.8901901,-77.0805347
1798,38.8902379,-77.0806215
1799,38.8902862,-77.0807009
1800,38.8903383,-77.0807811
1801,38.8961981,-77.0696489
1802,38.8961756,-77.0696347
1803,38.8961567,-77.0696146
1804,38.8961417,-77.0695839
1805,38.8961311,-77.0695475
1806,38.896128,-77.0695194
1807,38.8939679,-77.0709261
1808,38.8940688,-77.0708746
1809,38.8941402,-77.0708433
1810,38.8870292,-77.0729613
1811,38.8870319,-77.0729219
1812,38.8870408,-77.0728861
1813,38.8870551,-77.0728618
1814,38.8870777,-77.0728428
1815,38.887365,-77.0726502
1816,38.8874651,-77.0724883
1817,38.8874845,-77.0724569
1818,38.8875435,-77.072313
1819,38.8875603,-77.072272
1820,38.887581,-77.0720786
1821,38.8875903,-77.0719545
1822,38.8875934,-77.071914
1823,38.8954412,-77.06694
1824,38.8949346,-77.0666591
1825,38.8947247,-77.066545
1826,38.8945248,-77.0664406
1827,38.8943374,-77.0663416
1828,38.8941297,-77.0662382
1829,38.8939139,-77.0661327
1830,38.8937106,-77.0660365
1831,38.893512,-77.0659469
1832,38.8933084,-77.065859
1833,38.8930978,-77.0657753
1834,38.8928887,-77.0656946
1835,38.8926788,-77.0656238
1836,38.8924713,-77.0655549
1837,38.8922582,-77.0654912
1838,38.8920198,-77.0654231
1839,38.8914446,-77.0652643
1840,38.8912219,-77.0652046
1841,38.8910139,-77.0651417
1842,38.8908067,-77.065071
1843,38.8905944,-77.0649951
1844,38.890378,-77.0649169
1845,38.8899554,-77.0647628
1846,38.8897624,-77.0646946
1847,38.8896113,-77.0646465
1848,38.8894273,-77.0645912
1849,38.8887083,-77.0643919
1850,38.8885649,-77.0643525
1851,38.8883927,-77.0642954
1852,38.888236,-77.064243
1853,38.8880886,-77.0641887
1854,38.8879441,-77.0641221
1855,38.887797,-77.0640517
1856,38.8876633,-77.0639795
1857,38.8875359,-77.0638992
1858,38.8874007,-77.0638107
1859,38.8870828,-77.0635706
1860,38.886628,-77.0632195
1861,38.88753,-77.0725372
1862,38.8874845,-77.0726109
1863,38.8874527,-77.0726559
1864,38.8874238,-77.0726614
1865,38.8873795,-77.0727025
1866,38.8873503,-77.0727297
1867,38.8871207,-77.0731378
1868,38.8870764,-77.0732317
1869,38.8870743,-77.0733675
1870,38.8876402,-77.0721724
1871,38.8876269,-77.0722788
1872,38.8876016,-77.0723496
1873,38.8875988,-77.0723576
1874,38.8875717,-77.0724253
1875,38.893123,-77.0785301
1876,38.8931539,-77.0785293
1877,38.8933378,-77.0785185
1878,38.8934282,-77.0785119
1879,38.8934746,-77.0785078
1880,38.8934933,-77.0785066
1881,38.8935096,-77.0785067
1882,38.8935255,-77.0785086
1883,38.8938276,-77.0785986
1884,38.8938629,-77.0786091
1885,38.8939315,-77.0786287
1886,38.8989595,-77.0753464
1887,38.8989414,-77.0753084
1888,38.8989382,-77.0752467
1889,38.8990026,-77.0745231
1890,38.8990235,-77.073802
1891,38.8989951,-77.0737251
1892,38.8989643,-77.0736793
1893,38.8948072,-77.0738416
1894,38.8949153,-77.0738551
1895,38.8949425,-77.0738588
1896,38.8950316,-77.0738705
1897,38.8951236,-77.0738826
1898,38.8953042,-77.0739054
1899,38.8954849,-77.0739291
1900,38.8956799,-77.0739576
1901,38.8959111,-77.0739907
1902,38.896065,-77.0740121
1903,38.8962161,-77.0740319
1904,38.8962621,-77.0740379
1905,38.8962971,-77.0740405
1906,38.8963768,-77.0740464
1907,38.8940766,-77.0737326
1908,38.8941017,-77.0737368
1909,38.8941909,-77.0737517
1910,38.8944125,-77.0737896
1911,38.8945152,-77.073803
1912,38.8947151,-77.0738305
1913,38.8987111,-77.0789339
1914,38.898735,-77.0787872
1915,38.8988657,-77.0785629
1916,38.8990325,-77.0783162
1917,38.8990613,-77.0782494
1918,38.8990903,-77.0781852
1919,38.8991091,-77.0780972
1920,38.8991331,-77.0777127
1921,38.899156,-77.0772914
1922,38.8991676,-77.0772611
1923,38.8992003,-77.0772083
1924,38.8992808,-77.0771762
1925,38.8993355,-77.077173
1926,38.8998663,-77.0772115
1927,38.8947621,-77.0730131
1928,38.8948517,-77.0723939
1929,38.8948691,-77.0722737
1930,38.896849,-77.0724166
1931,38.8969606,-77.0722764
1932,38.8970598,-77.0720519
1933,38.8970856,-77.0719756
1934,38.8953784,-77.0732167
1935,38.8954179,-77.0732138
1936,38.8949872,-77.0731587
1937,38.8951353,-77.0731839
1938,38.8952861,-77.0732071
1939,38.8953214,-77.073212
1940,38.8953487,-77.0732154
1941,38.8964302,-77.0728774
1942,38.8965048,-77.0728125
1943,38.8965525,-77.072761
1944,38.8966569,-77.0726611
1945,38.896734,-77.0725717
1946,38.8989751,-77.0682217
1947,38.8990999,-77.0682637
1948,38.8992028,-77.0683016
1949,38.8993097,-77.0683487
1950,38.8994164,-77.0683984
1951,38.8995092,-77.0684496
1952,38.8996069,-77.0685137
1953,38.8997124,-77.0685901
1954,38.8998037,-77.0686669
1955,38.8998857,-77.0687481
1956,38.899968,-77.0688376
1957,38.9000492,-77.0689329
1958,38.9001215,-77.069027
1959,38.9001955,-77.0691345
1960,38.9002608,-77.069235
1961,38.9003315,-77.0693533
1962,38.9003942,-77.0694714
1963,38.9004523,-77.0695936
1964,38.9005034,-77.0697063
1965,38.900558,-77.0698369
1966,38.9006066,-77.0699585
1967,38.9006526,-77.0700871
1968,38.9006985,-77.0702245
1969,38.9007444,-77.070368
1970,38.9005937,-77.0704538
1971,38.9005495,-77.0703269
1972,38.9004992,-77.070196
1973,38.900453,-77.0700816
1974,38.9003978,-77.069955
1975,38.9003431,-77.0698334
1976,38.9002796,-77.0697055
1977,38.9002206,-77.0695948
1978,38.9001579,-77.0694825
1979,38.9000901,-77.0693651
1980,38.9000255,-77.0692665
1981,38.8999522,-77.0691622
1982,38.8998758,-77.0690659
1983,38.899793,-77.068966
1984,38.8997147,-77.0688815
1985,38.8996263,-77.0687941
1986,38.8995314,-77.0687149
1987,38.8994384,-77.0686475
1988,38.8993507,-77.0685907
1989,38.899247,-77.06853
1990,38.8991486,-77.0684816
1991,38.8990435,-77.0684341
1992,38.8989393,-77.0683991
1993,38.8988343,-77.0683717
1994,38.8987383,-77.0683501
1995,38.8978778,-77.0681469
1996,38.8976646,-77.0680835
1997,38.8974547,-77.0680123
1998,38.8972499,-77.0679282
1999,38.8970418,-77.0678301
2000,38.8968374,-77.0677235
2001,38.8966317,-77.067612
2002,38.8960738,-77.0672911
2003,38.8972011,-77.0677278
2004,38.8974017,-77.0678027
2005,38.8976073,-77.0678747
2006,38.8978298,-77.0679434
2007,38.8980284,-77.0679961
2008,38.8982335,-77.0680477
2009,38.8984634,-77.0680984
2010,38.8986758,-77.068147
2011,38.8967804,-77.0675329
2012,38.8969857,-77.0676321
2013,38.899722,-77.0715228
2014,38.8995957,-77.0715816
2015,38.8994472,-77.0716397
2016,38.8993486,-77.0716926
2017,38.8992911,-77.0717279
2018,38.8992446,-77.0717635
2019,38.8991906,-77.0718111
2020,38.8991377,-77.0718643
2021,38.8980772,-77.0789658
2022,38.8947243,-77.0696012
2023,38.8946415,-77.0694524
2024,38.8949939,-77.0703709
2025,38.8949748,-77.0702652
2026,38.8949497,-77.070165
2027,38.8949451,-77.0701467
2028,38.8949119,-77.0700311
2029,38.8948715,-77.069911
2030,38.8948248,-77.0698008
2031,38.8948131,-77.0697758
2032,38.894772,-77.0696884
2033,38.8951006,-77.070272
2034,38.895131,-77.0704557
2035,38.8951496,-77.0705939
2036,38.8948813,-77.0695816
2037,38.894932,-77.0696916
2038,38.8949546,-77.0697433
2039,38.8950051,-77.069882
2040,38.8950439,-77.0700139
2041,38.89507,-77.0701202
2042,38.8950882,-77.0702033
2043,38.8990962,-77.0735272
2044,38.8985185,-77.0707739
2045,38.8988911,-77.0707438
2046,38.8940432,-77.0683205
2047,38.8940794,-77.0683494
2048,38.8943674,-77.0686557
2049,38.8943916,-77.068691
2050,38.8944193,-77.0687306
2051,38.89445,-77.0687789
2052,38.8946577,-77.0691284
2053,38.8940977,-77.0685781
2054,38.8940314,-77.068514
2055,38.8940027,-77.0684872
2056,38.8942947,-77.0740485
2057,38.8943496,-77.0740081
2058,38.8944063,-77.0739545
2059,38.8944542,-77.073898
2060,38.8949193,-77.0727234
2061,38.8948864,-77.0730158
2062,38.8949874,-77.0722869
2063,38.8949681,-77.0724048
2064,38.8970046,-77.0724358
2065,38.8990432,-77.0717963
2066,38.8950329,-77.0712792
2067,38.8950466,-77.0711511
2068,38.8950514,-77.0710044
2069,38.8950444,-77.0708874
2070,38.8950353,-77.0707555
2071,38.895023,-77.0706117
2072,38.8950819,-77.0717367
2073,38.8950372,-77.0719937
2074,38.8950228,-77.0720776
2075,38.8975348,-77.0801507
2076,38.8975299,-77.070846
2077,38.897842,-77.0708183
2078,38.8981449,-77.0707933
2079,38.8945273,-77.0707631
2080,38.8947225,-77.0707573
2081,38.8948303,-77.0707558
2082,38.8949381,-77.0707549
2083,38.8949879,-77.0707552
2084,38.8923302,-77.0714296
2085,38.893524,-77.0719559
2086,38.8934262,-77.0719239
2087,38.8933844,-77.0719074
2088,38.8932306,-77.0718441
2089,38.8962081,-77.0763058
2090,38.8962054,-77.0763458
2091,38.8961507,-77.0770955
2092,38.8960758,-77.0781689
2093,38.8960683,-77.0782893
2094,38.8931892,-77.0716931
2095,38.8932768,-77.0714116
2096,38.8879585,-77.0659935
2097,38.8922409,-77.0807833
2098,38.8923011,-77.0806988
2099,38.8923675,-77.0805848
2100,38.8924276,-77.080459
2101,38.8925176,-77.0802496
2102,38.8925587,-77.0801451
2103,38.892644,-77.0799431
2104,38.8927008,-77.0798302
2105,38.8920304,-77.0792371
2106,38.8920452,-77.0792281
2107,38.8920671,-77.0792257
2108,38.8923231,-77.0792536
2109,38.8956861,-77.0715024
2110,38.8954882,-77.0714964
2111,38.8952143,-77.07077
2112,38.8952712,-77.0707752
2113,38.8953586,-77.0707841
2114,38.8971335,-77.071384
2115,38.8971309,-77.0711739
2116,38.89713,-77.0709972
2117,38.8951245,-77.0714899
2118,38.8951018,-77.0716228
2119,38.8983373,-77.0723616
2120,38.8933973,-77.0712075
2121,38.893596,-77.0711087
2122,38.8936835,-77.0710661
2123,38.8902126,-77.0714065
2124,38.8902627,-77.0714018
2125,38.8904203,-77.0714002
2126,38.8904958,-77.071399
2127,38.8905248,-77.071398
2128,38.8905514,-77.0713958
2129,38.8905779,-77.071392
2130,38.8907513,-77.071395
2131,38.8910974,-77.0714025
2132,38.8888431,-77.0714186
2133,38.8887704,-77.071426
2134,38.8886815,-77.071441
2135,38.8886157,-77.0714539
2136,38.8885305,-77.0714797
2137,38.8884419,-77.0715177
2138,38.8882259,-77.0716279
2139,38.8881596,-77.071661
2140,38.8900697,-77.0714671
2141,38.8897988,-77.0714538
2142,38.889616,-77.0714214
2143,38.8891544,-77.0714095
2144,38.8890322,-77.0714094
2145,38.8889259,-77.0714126
2146,38.8914383,-77.0714093
2147,38.8882893,-77.0796375
2148,38.8879496,-77.0800131
2149,38.8878664,-77.0801063
2150,38.8877833,-77.0802033
2151,38.8877082,-77.0803004
2152,38.8876256,-77.0804164
2153,38.8875599,-77.0805211
2154,38.887493,-77.0806307
2155,38.8874357,-77.080736
2156,38.8873716,-77.0808681
2157,38.8910238,-77.0687093
2158,38.8910861,-77.0688173
2159,38.8911596,-77.0689361
2160,38.8913028,-77.0691588
2161,38.891371,-77.0692705
2162,38.8914301,-77.0693818
2163,38.8914953,-77.0695015
2164,38.8915533,-77.0696175
2165,38.8916076,-77.0697312
2166,38.8972184,-77.0708648
2167,38.894732,-77.0744141
2168,38.8947084,-77.0745861
2169,38.894669,-77.0749059
2170,38.8946619,-77.0749621
2171,38.894641,-77.0751144
2172,38.8945693,-77.0755764
2173,38.8945644,-77.0756082
2174,38.8945474,-77.0757236
2175,38.8945338,-77.0758124
2176,38.894445,-77.0763889
2177,38.8944107,-77.0766193
2178,38.8943709,-77.0768529
2179,38.8942481,-77.0775656
2180,38.8942009,-77.0777831
2181,38.8941684,-77.077917
2182,38.8941372,-77.078044
2183,38.8940959,-77.0781808
2184,38.8940533,-77.078303
2185,38.8938812,-77.078765
2186,38.8938116,-77.0789384
2187,38.8937431,-77.0790977
2188,38.8935665,-77.0795079
2189,38.8934559,-77.0797589
2190,38.8933364,-77.0800355
2191,38.893284,-77.0801572
2192,38.8932416,-77.0802477
2193,38.8948201,-77.073731
2194,38.8976371,-77.0741425
2195,38.8977166,-77.074176
2196,38.8977727,-77.0742125
2197,38.8978291,-77.0742717
2198,38.8978985,-77.0743643
2199,38.8979454,-77.0744632
2200,38.897972,-77.0745693
2201,38.8979819,-77.0746998
2202,38.8979731,-77.0748457
2203,38.8979606,-77.0750388
2204,38.897925,-77.0755512
2205,38.8978906,-77.0759938
2206,38.8978949,-77.0762415
2207,38.8978615,-77.076531
2208,38.8978135,-77.0767821
2209,38.8977499,-77.0770271
2210,38.8976709,-77.0772725
2211,38.897614,-77.077411
2212,38.8974597,-77.0777408
2213,38.8974158,-77.0778042
2214,38.8973928,-77.0778257
2215,38.8973636,-77.0778471
2216,38.8973198,-77.0778578
2217,38.8972195,-77.0778514
2218,38.8970148,-77.0778324
2219,38.8990832,-77.0754228
2220,38.8992926,-77.0753578
2221,38.894708,-77.0692233
2222,38.8947323,-77.0692695
2223,38.8983351,-77.072323
2224,38.8953522,-77.0714973
2225,38.8952205,-77.071492
2226,38.8951809,-77.0714904
2227,38.8900827,-77.0734786
2228,38.8901476,-77.0734889
2229,38.8901918,-77.0734955
2230,38.8903063,-77.0735106
2231,38.8905408,-77.0735425
2232,38.8907836,-77.0735799
2233,38.8875128,-77.0773511
2234,38.887423,-77.0785826
2235,38.8874173,-77.0786593
2236,38.8874166,-77.0786915
2237,38.8874189,-77.0787202
2238,38.8881159,-77.0744675
2239,38.8880927,-77.074797
2240,38.8880843,-77.0749088
2241,38.8880576,-77.0752734
2242,38.8880479,-77.0754498
2243,38.8880508,-77.0754826
2244,38.8878684,-77.0756394
2245,38.8878395,-77.0756554
2246,38.8878185,-77.0756724
2247,38.8877993,-77.0756908
2248,38.8877809,-77.0757099
2249,38.8877699,-77.0757238
2250,38.8877614,-77.0757358
2251,38.8877521,-77.0757509
2252,38.8877444,-77.0757665
2253,38.8877337,-77.0757894
2254,38.8877249,-77.0758128
2255,38.8876747,-77.0759763
2256,38.8876508,-77.0760601
2257,38.887629,-77.0761439
2258,38.887607,-77.0762391
2259,38.8875729,-77.0764877
2260,38.8928353,-77.0799263
2261,38.8928997,-77.0799719
2262,38.8929759,-77.0800269
2263,38.8931154,-77.0801297
2264,38.893183,-77.0801844
2265,38.8927562,-77.0797193
2266,38.8927924,-77.079633
2267,38.8928356,-77.0795226
2268,38.8928795,-77.0793911
2269,38.8929191,-77.0792519
2270,38.8929478,-77.0791108
2271,38.8930309,-77.0786945
2272,38.8930932,-77.0784016
2273,38.8931966,-77.0779196
2274,38.8932081,-77.0778232
2275,38.893238,-77.0776692
2276,38.8933106,-77.0773
2277,38.8933578,-77.0770617
2278,38.8934131,-77.0767841
2279,38.8934316,-77.0766847
2280,38.8934821,-77.0764956
2281,38.8935389,-77.0762284
2282,38.8936065,-77.0758976
2283,38.8937203,-77.0753485
2284,38.8938454,-77.0747276
2285,38.8938827,-77.0746232
2286,38.8939153,-77.0745516
2287,38.8939285,-77.0745244
2288,38.8939574,-77.0744646
2289,38.894007,-77.0743746
2290,38.8940685,-77.0742855
2291,38.8940975,-77.0742505
2292,38.8941324,-77.0742084
2293,38.8942056,-77.0741277
2294,38.8942516,-77.0708088
2295,38.8942989,-77.0708
2296,38.8943906,-77.0707835
2297,38.8944453,-77.0707764
2298,38.8944991,-77.0707677
2299,38.8951673,-77.0710004
2300,38.8951602,-77.0711238
2301,38.8951524,-77.0712363
2302,38.8951398,-77.0713672
2303,38.8940608,-77.0721492
2304,38.8871444,-77.0762111
2305,38.8871507,-77.0761896
2306,38.8871841,-77.0761708
2307,38.8872462,-77.0761708
2308,38.8852895,-77.0602645
2309,38.8852677,-77.0601942
2310,38.8852533,-77.0601374
2311,38.8852421,-77.0600772
2312,38.8852364,-77.0600137
2313,38.8852352,-77.0599518
2314,38.8852388,-77.0598914
2315,38.8852485,-77.0598299
2316,38.8852634,-77.0597687
2317,38.8852819,-77.0597094
2318,38.8853046,-77.0596559
2319,38.8853305,-77.0596029
2320,38.8853604,-77.0595556
2321,38.8853948,-77.0595107
2322,38.8854248,-77.0594789
2323,38.8854557,-77.0594502
2324,38.8854855,-77.0594295
2325,38.8858699,-77.0605575
2326,38.885738,-77.0606399
2327,38.8856776,-77.0606766
2328,38.8856268,-77.0607118
2329,38.885582,-77.0607478
2330,38.8855341,-77.0607939
2331,38.8854881,-77.0608436
2332,38.8854472,-77.0608957
2333,38.8854099,-77.0609509
2334,38.8853646,-77.0610165
2335,38.8853299,-77.060996
2336,38.8853316,-77.0609749
2337,38.885337,-77.060908
2338,38.8853426,-77.0608428
2339,38.8853493,-77.0607775
2340,38.8853535,-77.0607174
2341,38.8853543,-77.0606634
2342,38.8853522,-77.0606025
2343,38.8853459,-77.060545
2344,38.8853353,-77.0604818
2345,38.8853182,-77.0603935
2346,38.8861461,-77.0597034
2347,38.8861618,-77.0597557
2348,38.886172,-77.0598066
2349,38.8861793,-77.0598567
2350,38.8861854,-77.0599171
2351,38.8861872,-77.0599728
2352,38.8861866,-77.0600378
2353,38.8861842,-77.0600976
2354,38.8861802,-77.0601508
2355,38.8861724,-77.0601978
2356,38.8861603,-77.0602405
2357,38.886144,-77.060283
2358,38.8861258,-77.0603238
2359,38.8861013,-77.0603647
2360,38.8860743,-77.0604017
2361,38.8860471,-77.0604367
2362,38.8860139,-77.06047
2363,38.8859774,-77.060501
2364,38.8859376,-77.060525
2365,38.8858112,-77.0605692
2366,38.8857533,-77.0605746
2367,38.8857015,-77.0605724
2368,38.885651,-77.0605656
2369,38.8855992,-77.0605503
2370,38.885544,-77.0605244
2371,38.885488,-77.060489
2372,38.8854378,-77.0604483
2373,38.8853945,-77.0604064
2374,38.8853547,-77.0603611
2375,38.8853209,-77.0603131
2376,38.8949048,-77.0720633
2377,38.8949214,-77.0719801
2378,38.8949765,-77.0716281
2379,38.8949938,-77.0715446
2380,38.8950049,-77.0714808
2381,38.895018,-77.0714053
2382,38.8970135,-77.0708601
2383,38.8922926,-77.0794039
2384,38.8941976,-77.0686874
2385,38.8941797,-77.0686666
2386,38.8910392,-77.0690525
2387,38.8909265,-77.0688882
2388,38.8907918,-77.0686839
2389,38.8940424,-77.068295
2390,38.8940775,-77.0682854
2391,38.8941165,-77.068281
2392,38.894253,-77.0682792
2393,38.8944062,-77.0682932
2394,38.8909632,-77.0761249
2395,38.8908915,-77.0763193
2396,38.8908153,-77.0765016
2397,38.8907456,-77.07666
2398,38.8906642,-77.0768255
2399,38.8905761,-77.0769883
2400,38.8904696,-77.0771598
2401,38.8903664,-77.0773132
2402,38.8902527,-77.077467
2403,38.8901432,-77.0775986
2404,38.8900102,-77.0777482
2405,38.8899093,-77.0778617
2406,38.8897468,-77.0780385
2407,38.8910576,-77.0758792
2408,38.8851217,-77.0620866
2409,38.885087,-77.0620626
2410,38.8848881,-77.0619292
2411,38.8848508,-77.0619086
2412,38.8880526,-77.0666224
2413,38.8898005,-77.0713986
2414,38.8909149,-77.0714978
2415,38.8908219,-77.0714939
2416,38.8905203,-77.0714804
2417,38.8902675,-77.071475
2418,38.8937116,-77.071978
2419,38.8916548,-77.0636321
2420,38.8916577,-77.063502
2421,38.8916645,-77.0633711
2422,38.8916757,-77.0632334
2423,38.8916941,-77.0630935
2424,38.8917132,-77.0629539
2425,38.8917355,-77.0628085
2426,38.891851,-77.0621352
2427,38.8882207,-77.0664203
2428,38.8902202,-77.0725089
2429,38.8902582,-77.072515
2430,38.8903796,-77.07253
2431,38.890601,-77.0725579
2432,38.8911848,-77.072636
2433,38.8913404,-77.0726574
2434,38.8915048,-77.0726801
2435,38.8916404,-77.0726918
2436,38.8916715,-77.0726947
2437,38.8900732,-77.0733967
2438,38.8900758,-77.0733648
2439,38.8954606,-77.0765134
2440,38.8953838,-77.0765013
2441,38.8953579,-77.0764983
2442,38.8950198,-77.0764597
2443,38.8945523,-77.0764032
2444,38.8966652,-77.0685005
2445,38.8967058,-77.0685043
2446,38.8967279,-77.0685063
2447,38.8967484,-77.0685109
2448,38.8967688,-77.0685179
2449,38.8998898,-77.0714029
2450,38.8998184,-77.0714659
2451,38.8894688,-77.0777029
2452,38.8894447,-77.0777385
2453,38.8891544,-77.0781627
2454,38.8891077,-77.0782295
2455,38.8890593,-77.078292
2456,38.8889566,-77.0784132
2457,38.8885774,-77.0788331
2458,38.8884933,-77.0789258
2459,38.888478,-77.0789394
2460,38.8884621,-77.0789497
2461,38.8895577,-77.0777556
2462,38.8895718,-77.0777913
2463,38.8938442,-77.0683532
2464,38.8937652,-77.0682927
2465,38.8939246,-77.068233
2466,38.8945737,-77.073706
2467,38.8946032,-77.0736489
2468,38.8946246,-77.0736038
2469,38.8946367,-77.0735756
2470,38.8883365,-77.079074
2471,38.8883182,-77.0790292
2472,38.8865541,-77.075964
2473,38.8864404,-77.0759942
2474,38.886022,-77.0760937
2475,38.8859994,-77.0760383
2476,38.8859838,-77.0759841
2477,38.8859838,-77.0757965
2478,38.8859948,-77.0756944
2479,38.8860004,-77.0756429
2480,38.88607,-77.0754516
2481,38.886069,-77.0754032
2482,38.8860683,-77.0753671
2483,38.8989794,-77.0720358
2484,38.8954634,-77.0732103
2485,38.8955294,-77.0732026
2486,38.8956037,-77.0731868
2487,38.8958447,-77.0731132
2488,38.8960082,-77.0730632
2489,38.8960629,-77.0730465
2490,38.8961707,-77.0730153
2491,38.8962469,-77.0729896
2492,38.896302,-77.0729662
2493,38.8972662,-77.078588
2494,38.8974452,-77.0786288
2495,38.8975155,-77.078654
2496,38.8975971,-77.0787004
2497,38.8976243,-77.0787201
2498,38.8965157,-77.073352
2499,38.8965412,-77.0733552
2500,38.896666,-77.0733708
2501,38.894128,-77.0781886
2502,38.8941796,-77.078205
2503,38.8942124,-77.078212
2504,38.8942492,-77.0782183
2505,38.8926176,-77.0797723
2506,38.8858565,-77.0626256
2507,38.885571,-77.0624049
2508,38.8853128,-77.0622162
2509,38.8984338,-77.0734497
2510,38.8983845,-77.0729645
2511,38.8983534,-77.0726239
2512,38.8947931,-77.0739588
2513,38.8963713,-77.0741548
2514,38.8963053,-77.0750297
2515,38.8962884,-77.0752539
2516,38.8962607,-77.0756192
2517,38.8962457,-77.0758245
2518,38.8963841,-77.0739399
2519,38.8880557,-77.0717128
2520,38.8880022,-77.0717367
2521,38.8879497,-77.071749
2522,38.8879095,-77.0717557
2523,38.8878652,-77.0717564
2524,38.8877297,-77.0717489
2525,38.8927553,-77.0798689
2526,38.8853003,-77.0766466
2527,38.8852774,-77.0767525
2528,38.8852323,-77.0769024
2529,38.8851735,-77.0770408
2530,38.8850956,-77.0771605
2531,38.8850167,-77.0772523
2532,38.8848962,-77.0773505
2533,38.8845875,-77.0775746
2534,38.8845012,-77.0776552
2535,38.8844414,-77.0777144
2536,38.8908183,-77.0673483
2537,38.8908035,-77.0674541
2538,38.8907939,-77.067567
2539,38.8907915,-77.0676762
2540,38.890791,-77.0677542
2541,38.8953114,-77.0783513
2542,38.8953537,-77.0783569
2543,38.8954126,-77.0783647
2544,38.8959601,-77.0784368
2545,38.8961559,-77.0784549
2546,38.8965586,-77.0784981
2547,38.8969938,-77.0785526
2548,38.8954179,-77.0770225
2549,38.8954125,-77.0770908
2550,38.8954102,-77.0771264
2551,38.8954002,-77.0772554
2552,38.8953745,-77.0776057
2553,38.895361,-77.0777828
2554,38.8953432,-77.0780185
2555,38.8953277,-77.0782045
2556,38.8953238,-77.0782373
2557,38.8953153,-77.0782999
2558,38.8950209,-77.07059
2559,38.8950101,-77.0704915
2560,38.8947889,-77.0693898
2561,38.8907938,-77.0678165
2562,38.8907986,-77.0678881
2563,38.8908071,-77.0679685
2564,38.8908234,-77.0680675
2565,38.893772,-77.071023
2566,38.8938749,-77.0709735
2567,38.88974,-77.0783851
2568,38.889604,-77.0785319
2569,38.8895477,-77.0785966
2570,38.8894956,-77.07866
2571,38.8894406,-77.0787188
2572,38.8887048,-77.0794911
2573,38.8914052,-77.0642962
2574,38.8914351,-77.0641347
2575,38.8919627,-77.0621821
2576,38.8918927,-77.0627154
2577,38.8918856,-77.0628219
2578,38.8918779,-77.0629427
2579,38.8923563,-77.0660866
2580,38.8924057,-77.066174
2581,38.8924465,-77.0662411
2582,38.891958,-77.0612245
2583,38.892003,-77.0612381
2584,38.8918068,-77.0619676
2585,38.8918442,-77.0617796
2586,38.8918929,-77.0615448
2587,38.8941545,-77.0708367
2588,38.8906458,-77.0775482
2589,38.8906365,-77.0775443
2590,38.8906135,-77.0775391
2591,38.8905914,-77.077534
2592,38.8905646,-77.0775323
2593,38.8905412,-77.0775367
2594,38.8905152,-77.0775512
2595,38.8904871,-77.0775749
2596,38.8904598,-77.0776023
2597,38.8898444,-77.0782728
2598,38.8896434,-77.0781527
2599,38.8891191,-77.0787288
2600,38.8876073,-77.0801547
2601,38.887774,-77.0799542
2602,38.8878953,-77.0798158
2603,38.88804,-77.0796556
2604,38.8894147,-77.07814
2605,38.8895683,-77.0779714
